P1,P2,set winner,P1Score,P2Score,Round,roundDivision
archy,cloudee,0,2,0,Winners Round 2,768
sol,kenzo,0,0,-1,Winners Round 2,768
bonz,rey alan,0,2,1,Winners Round 2,768
sunfish,yum!,0,0,-1,Winners Round 2,768
saint,artemis will,0,-2,-2,Winners Round 2,768
ljskatergirl,random,0,2,0,Winners Round 2,768
acro,feef,0,2,1,Winners Round 2,768
doris,corn,0,2,0,Winners Round 2,768
astra,icee_roy,1,0,2,Winners Round 2,768
potatoe,poppy,0,0,-1,Winners Round 2,768
sunseeds,mile,0,2,0,Winners Round 2,768
raven,relik9r,0,2,0,Winners Round 2,768
cakes,mxi,0,2,0,Winners Round 2,768
cinnpie,e-nite,0,2,0,Winners Round 2,768
tico,bagel,0,2,0,Winners Round 2,768
drago,drexl,0,2,0,Winners Round 2,768
j-fid,olek,0,2,0,Winners Round 2,768
dub,valkyrie,0,2,0,Winners Round 2,768
projo,salocin,0,2,0,Winners Round 2,768
emerldd,gehrketurkey,0,2,0,Winners Round 2,768
mickey,gameliking,0,2,0,Winners Round 2,768
nowa,nyx,0,2,0,Winners Round 2,768
mcfly,kirkas,1,0,2,Winners Round 2,768
chusday,sir butters,0,2,1,Winners Round 2,768
tkbreezy,mrake,0,0,-1,Winners Round 2,768
2fast,allotheabove,0,2,0,Winners Round 2,768
zman,zombieswithjetpacks,0,2,0,Winners Round 2,768
yohhero,adrian reyes,0,2,0,Winners Round 2,768
orpheus,bidoof,1,0,2,Winners Round 2,768
vib,gfrommd,1,-1,0,Winners Round 2,768
nsm: big_al,hitwave,0,2,0,Winners Round 2,768
bigplay,eson,0,2,0,Winners Round 2,768
ozone,lava lord,0,2,0,Winners Round 2,768
cardd,exceed,0,0,-1,Winners Round 2,768
barking_frog,egad,0,2,0,Winners Round 2,768
riko,hatton,1,-2,-2,Winners Round 2,768
disgaea,andy b,0,-2,-2,Winners Round 2,768
vert,bdb,0,2,0,Winners Round 2,768
fruit,avion,0,2,0,Winners Round 2,768
rexon,naeem.,1,0,2,Winners Round 1,768
seethe,nacker,0,-2,-2,Winners Round 1,768
pink guy,geordi,0,2,1,Winners Round 1,768
furon,yunchop,0,0,-1,Winners Round 1,768
dunknplush,ewon,1,0,2,Winners Round 1,768
haya,jauffre,1,0,2,Winners Round 1,768
gladtoast,bear,1,0,2,Winners Round 1,768
yarsrevengerson,mbjr,0,0,-1,Winners Round 1,768
wave,emba,1,0,2,Winners Round 1,768
chillshroom,fies,0,2,0,Winners Round 1,768
squill,jshine,0,0,-1,Winners Round 1,768
sardines4dinner,wacka,0,2,0,Winners Round 1,768
eristocrat,mcbanana,1,0,2,Winners Round 1,768
mattador,busterboynoah,1,0,2,Winners Round 1,768
deep,j9,0,2,0,Winners Round 1,768
northdash,gova,1,-1,0,Winners Round 1,768
water,heavenly headshot,0,2,0,Winners Round 1,768
smalls,solidsmyth,0,2,0,Winners Round 1,768
oldbay,fjord,1,0,2,Winners Round 1,768
regalo,jdiesel,0,2,0,Winners Round 1,768
backwards god,gimmick,0,2,1,Winners Round 1,768
hawk,mel,0,2,0,Winners Round 1,768
sly,scrappy sensei,1,0,2,Winners Round 1,768
xt3rmx,mr.o,1,0,2,Winners Round 1,768
naglfar,gear,0,2,0,Winners Round 1,768
cava,apack,0,2,0,Winners Round 1,768
doughkey,yoshiphoenix,0,2,0,Winners Round 1,768
tek!,bag_of_veggies,0,2,0,Winners Round 1,768
zoo,galaxceed,0,2,0,Winners Round 1,768
fullmetal jrock,kooradou,1,-1,0,Winners Round 1,768
middleone,frosty,0,2,0,Winners Round 1,768
vize,c4,0,2,0,Winners Round 1,768
alphameow,jojo,0,2,0,Winners Round 1,768
spookyraver,the runkle,0,2,0,Winners Round 1,768
black chaos,noahg,1,1,2,Winners Round 1,768
fireant,evanator,1,-2,-2,Winners Round 1,768
whiskey,darth,0,-2,-2,Winners Round 1,768
id crisis,bombproof,1,-1,0,Winners Round 1,768
supes,sl!nk,0,2,0,Winners Round 1,768
cloudee,rexon,0,2,0,Losers Round 1,768
kenzo,nacker,1,-1,0,Losers Round 1,768
rey alan,geordi,0,2,0,Losers Round 1,768
yum!,yunchop,1,-1,0,Losers Round 1,768
artemis will,dunknplush,1,-2,-2,Losers Round 1,768
random,haya,0,2,0,Losers Round 1,768
feef,gladtoast,0,2,0,Losers Round 1,768
corn,mbjr,1,0,2,Losers Round 1,768
astra,wave,0,0,-1,Losers Round 1,768
poppy,fies,1,-1,0,Losers Round 1,768
mile,jshine,0,0,-1,Losers Round 1,768
relik9r,wacka,1,1,2,Losers Round 1,768
mxi,eristocrat,1,0,2,Losers Round 1,768
e-nite,mattador,0,2,1,Losers Round 1,768
bagel,j9,0,2,1,Losers Round 1,768
olek,northdash,0,0,-1,Losers Round 1,768
drexl,heavenly headshot,0,2,0,Losers Round 1,768
valkyrie,solidsmyth,0,2,0,Losers Round 1,768
salocin,oldbay,0,2,0,Losers Round 1,768
gehrketurkey,jdiesel,1,0,2,Losers Round 1,768
gameliking,gimmick,0,2,0,Losers Round 1,768
nyx,mel,0,0,-1,Losers Round 1,768
mcfly,sly,0,2,1,Losers Round 1,768
sir butters,xt3rmx,0,2,0,Losers Round 1,768
allotheabove,gear,0,0,-1,Losers Round 1,768
mrake,apack,1,-1,0,Losers Round 1,768
zombieswithjetpacks,yoshiphoenix,1,0,2,Losers Round 1,768
adrian reyes,bag_of_veggies,0,2,0,Losers Round 1,768
orpheus,galaxceed,0,2,0,Losers Round 1,768
eson,fullmetal jrock,0,2,0,Losers Round 1,768
hitwave,frosty,1,0,2,Losers Round 1,768
vib,c4,1,0,2,Losers Round 1,768
exceed,jojo,1,-1,0,Losers Round 1,768
lava lord,the runkle,0,2,0,Losers Round 1,768
egad,black chaos,0,2,0,Losers Round 1,768
andy b,fireant,1,-2,-2,Losers Round 1,768
riko,darth,0,-2,-2,Losers Round 1,768
avion,id crisis,0,0,-1,Losers Round 1,768
bdb,sl!nk,1,0,2,Losers Round 1,768
tweek,naeem.,0,2,0,Winners Round 2,512
zetaken,pastor,0,0,-1,Winners Round 2,512
bonesaw,glitchpoke,0,2,0,Winners Round 2,512
southpaw,salt&vin,0,0,-1,Winners Round 2,512
roxas,ecalis,0,2,0,Winners Round 2,512
hat,typod nano,0,0,-1,Winners Round 2,512
mj,eaterarena,0,2,0,Winners Round 2,512
mkleo,seethe,0,-2,-2,Winners Round 2,512
shuriblur,bng,1,-2,-2,Winners Round 2,512
dj nintendo,raynetheskunk,0,-2,-2,Winners Round 2,512
coldweatherr,heilpotato,0,-2,-2,Winners Round 2,512
laska,cave carson,0,0,-1,Winners Round 2,512
spaceblue,shas,1,-2,-2,Winners Round 2,512
kazenoko,scot,0,0,-1,Winners Round 2,512
light,pink guy,0,2,0,Winners Round 2,512
mak,mr. handy,0,2,0,Winners Round 2,512
slamshady,timz,0,2,0,Winners Round 2,512
mart,consort,0,2,1,Winners Round 2,512
ralphie,elusivet,0,2,0,Winners Round 2,512
dcorn,titokmf,0,2,0,Winners Round 2,512
mata-door,shivers,0,2,0,Winners Round 2,512
mvd,furon,0,2,0,Winners Round 2,512
password,weste,1,0,2,Winners Round 2,512
scifire,rayness,0,2,0,Winners Round 2,512
gimr,glacey,1,1,2,Winners Round 2,512
jebb,phitz,0,2,0,Winners Round 2,512
sheth,midrush,1,0,2,Winners Round 2,512
pelca,bluuest,0,2,0,Winners Round 2,512
nairo,ewon,0,2,0,Winners Round 2,512
krakatoa,meary,1,1,2,Winners Round 2,512
nazo,ryan b,1,-2,-2,Winners Round 2,512
final,hungrypang,0,2,0,Winners Round 2,512
daybreak,wildcard,0,-2,-2,Winners Round 2,512
quinceprince,lobos,1,0,2,Winners Round 2,512
burntsocks,kaiju,0,2,0,Winners Round 2,512
salem,jauffre,0,2,0,Winners Round 2,512
mute,trizzytherapper,0,0,-1,Winners Round 2,512
lazyboredom,premed,0,2,0,Winners Round 2,512
porkaye,skar,0,2,0,Winners Round 2,512
puppeh,warsong,0,2,0,Winners Round 2,512
kenny,gold,1,1,2,Winners Round 2,512
uno,mloclam,0,2,1,Winners Round 2,512
ally,bear,0,2,0,Winners Round 2,512
sela,rysir,1,-1,0,Winners Round 2,512
nature,otwo,0,2,0,Winners Round 2,512
rocky~,broom,0,2,0,Winners Round 2,512
arhungry,mufasa,1,-1,0,Winners Round 2,512
ahri,slime,0,2,0,Winners Round 2,512
osiris197,linkling,0,2,0,Winners Round 2,512
esam,yarsrevengerson,0,2,0,Winners Round 2,512
smitty,c0rn syrup,0,2,0,Winners Round 2,512
squidboy,pisxes,0,0,-1,Winners Round 2,512
unknown,zahs,0,2,0,Winners Round 2,512
squerk,the protagonist,0,2,0,Winners Round 2,512
babycakes,samto,0,2,0,Winners Round 2,512
joe-j,eclipse,0,2,0,Winners Round 2,512
wadi,emba,0,2,0,Winners Round 2,512
astra,darex,1,0,2,Winners Round 2,512
flightless,clack,1,0,2,Winners Round 2,512
lost1ntime,treasvon69,0,2,0,Winners Round 2,512
tension,zambo,0,2,0,Winners Round 2,512
daigon,fluff,0,2,0,Winners Round 2,512
alpha,slawdini,1,0,2,Winners Round 2,512
ryuga,chillshroom,0,2,0,Winners Round 2,512
flocka,kirbycombo35,1,-1,0,Winners Round 2,512
rishi,activetoaster,0,2,0,Winners Round 2,512
tantalus,gangofelk,0,2,0,Winners Round 2,512
wishes,bork,0,2,0,Winners Round 2,512
engarde,lu416,1,1,2,Winners Round 2,512
tengu,2shiigh,1,-1,0,Winners Round 2,512
thereflexwonder,squill,0,2,0,Winners Round 2,512
lutte,forte,0,0,-1,Winners Round 2,512
sandstorm,goofygoober,0,2,0,Winners Round 2,512
jeb,kurbyp,0,2,1,Winners Round 2,512
coreo,jennatells,0,2,0,Winners Round 2,512
salvo,katie day,1,-1,0,Winners Round 2,512
dunnobro,gimmix,0,2,0,Winners Round 2,512
zd,sardines4dinner,0,2,0,Winners Round 2,512
shockra,zuramaru,1,0,2,Winners Round 2,512
muj,frostbyte,1,0,2,Winners Round 2,512
aos,saltn,0,2,0,Winners Round 2,512
k.i.d.goggles,clif,0,2,0,Winners Round 2,512
elie,zaylx,1,0,2,Winners Round 2,512
dark,johnswitch,0,2,0,Winners Round 2,512
cosmos,mcbanana,0,2,0,Winners Round 2,512
bonk,esoj,1,0,2,Winners Round 2,512
unkn0wn,otter,0,2,1,Winners Round 2,512
jioyi,eroc,1,1,2,Winners Round 2,512
blank,mcchicken,0,2,0,Winners Round 2,512
jmn,squigulousq,0,2,0,Winners Round 2,512
black yoshi,wren,0,2,0,Winners Round 2,512
tamim,busterboynoah,0,2,0,Winners Round 2,512
mirage,doubled,0,0,-1,Winners Round 2,512
qwerty,rinku,0,2,0,Winners Round 2,512
dantheman,dnnrpants,0,2,0,Winners Round 2,512
logic,thebeef,0,2,0,Winners Round 2,512
joeseidon,goddish,0,2,0,Winners Round 2,512
fastcree,quiv,0,2,0,Winners Round 2,512
gen,deep,0,2,0,Winners Round 2,512
hen,extrabbq,0,2,0,Winners Round 2,512
jdawg,cloudy,0,2,0,Winners Round 2,512
average joe,dirty eggroll,0,2,0,Winners Round 2,512
static,redpunter,0,2,0,Winners Round 2,512
marteen,mayt,0,2,0,Winners Round 2,512
sova unknown,mole,0,2,0,Winners Round 2,512
dark wizzy,gova,0,2,0,Winners Round 2,512
z8,jewchainz,1,0,2,Winners Round 2,512
kalebkujo,s.i.a.d.,0,0,-1,Winners Round 2,512
coney,water,0,2,0,Winners Round 2,512
dank,orange juice,0,0,-1,Winners Round 2,512
juice,tom,0,0,-1,Winners Round 2,512
seth,smalls,0,2,0,Winners Round 2,512
buck buck jones,muffin,0,2,0,Winners Round 2,512
arbar,olimpt,0,2,0,Winners Round 2,512
pauleke,king kyra,0,2,1,Winners Round 2,512
jakal,random text,0,2,0,Winners Round 2,512
ears,koopa,0,2,1,Winners Round 2,512
blaiseagain,cuppy,0,2,0,Winners Round 2,512
shoyo james,fjord,0,2,0,Winners Round 2,512
j,slicktricks,0,2,0,Winners Round 2,512
primid,spd,0,2,0,Winners Round 2,512
rk,cosmicb,0,2,0,Winners Round 2,512
promaelia,rupee,0,2,1,Winners Round 2,512
fslink,ulsi,1,-2,-2,Winners Round 2,512
dingus joe,icactusdog,0,2,0,Winners Round 2,512
lima,regalo,1,1,2,Winners Round 2,512
xerck,joker,1,-1,0,Winners Round 2,512
f.o.e.,acedefective,0,2,0,Winners Round 2,512
bloodynite,kevin,0,2,0,Winners Round 2,512
ronin,zeitgeist,0,2,0,Winners Round 2,512
blur,dublio,1,0,2,Winners Round 2,512
hex,boneyt,0,2,0,Winners Round 2,512
captainzack,backwards god,0,2,0,Winners Round 2,512
gij0,t.yeezy,1,0,2,Winners Round 2,512
mallow,saim,0,2,0,Winners Round 2,512
smooch,kerthorok,0,2,0,Winners Round 2,512
vinnie,breezyr,0,2,0,Winners Round 2,512
king,howl,0,2,0,Winners Round 2,512
guy,neb,0,2,0,Winners Round 2,512
blazingpasta,hawk,0,2,0,Winners Round 2,512
guap,thunderlit,0,0,-1,Winners Round 2,512
aposl,stabbacker,0,2,0,Winners Round 2,512
shamoo,eragon,0,2,0,Winners Round 2,512
parappa,ocho,0,2,0,Winners Round 2,512
tombstone,zark,0,2,0,Winners Round 2,512
bankai,inayellowflash,0,0,-1,Winners Round 2,512
nickc,scrappy sensei,0,2,0,Winners Round 2,512
diddler,khan,0,2,0,Winners Round 2,512
chas,wags,0,2,0,Winners Round 2,512
techei,bullshooter,0,2,0,Winners Round 2,512
sekai,sif,0,2,0,Winners Round 2,512
chrischris6767,rews,0,2,0,Winners Round 2,512
excalibur,titan,0,2,0,Winners Round 2,512
utopianray,mr.o,0,2,0,Winners Round 2,512
rko,herculesama,0,2,0,Winners Round 2,512
skance,yukamui,0,0,-1,Winners Round 2,512
lomo,boogaloo,1,-1,0,Winners Round 2,512
mogg,stadic777,0,2,0,Winners Round 2,512
skabs,slothbucket,0,2,1,Winners Round 2,512
baboonga,sharrum,1,-1,0,Winners Round 2,512
dexter,naglfar,0,2,0,Winners Round 2,512
mossy,aweshucks,0,2,0,Winners Round 2,512
broseidon,kerby2000,0,2,0,Winners Round 2,512
mystearica,cava,0,2,0,Winners Round 2,512
precookedbread,abiyoyo,0,2,0,Winners Round 2,512
hazmatt,drdelicious,1,-1,0,Winners Round 2,512
seagull joe,doughkey,0,2,0,Winners Round 2,512
prince ralts,hershey,0,2,0,Winners Round 2,512
chillindude,stoneface,0,0,-1,Winners Round 2,512
catharc,short,0,0,-1,Winners Round 2,512
pathoran,y5a,0,0,-1,Winners Round 2,512
relaxed,action john,0,0,-1,Winners Round 2,512
joey,nill bye,0,2,0,Winners Round 2,512
sdx,tek!,0,2,0,Winners Round 2,512
keiththegeek,s q vel,1,0,2,Winners Round 2,512
file,wumbosaurus,0,2,0,Winners Round 2,512
skwiggs,buddha,0,2,0,Winners Round 2,512
remzi,siatomic,0,2,0,Winners Round 2,512
tom savage21,hypernova,0,0,-1,Winners Round 2,512
snow,zanna,0,2,1,Winners Round 2,512
mr e,zoo,0,2,0,Winners Round 2,512
flygon,ee,0,0,-1,Winners Round 2,512
dinoslashz,tomba,0,2,0,Winners Round 2,512
zephyrus,static,0,2,1,Winners Round 2,512
rags,badvibesislove,0,2,0,Winners Round 2,512
mettsu,afromac,1,0,2,Winners Round 2,512
riz,mkmoney,1,-1,0,Winners Round 2,512
6wx,kooradou,0,2,0,Winners Round 2,512
van,rei,0,2,1,Winners Round 2,512
iota,middleone,0,2,0,Winners Round 2,512
thecutter,scythesurge,1,-1,0,Winners Round 2,512
dietsoda,vize,0,2,0,Winners Round 2,512
8bitman,alphameow,0,2,0,Winners Round 2,512
dsi,quailman,0,2,0,Winners Round 2,512
mav,bmachine,0,0,-1,Winners Round 2,512
pink fresh,spookyraver,0,2,0,Winners Round 2,512
#NAME?,objekshin,0,0,-1,Winners Round 2,512
biddy,weiwal,0,2,0,Winners Round 2,512
lingling,noahg,1,-1,0,Winners Round 2,512
xxxxxxxxxx,fullsaberex,0,2,0,Winners Round 2,512
acid,thereel,0,0,-1,Winners Round 2,512
kam steele,rook,0,2,0,Winners Round 2,512
axe,clipboards,1,1,2,Winners Round 2,512
iskandar,savethewaffles,1,-1,0,Winners Round 2,512
jack,b1llyb0b,1,-1,0,Winners Round 2,512
jtails,evanator,0,-2,-2,Winners Round 2,512
sinda,darkchao_,1,-2,-2,Winners Round 2,512
los,dr.chad,0,-2,-2,Winners Round 2,512
xerom,whiskey,0,-2,-2,Winners Round 2,512
darkhorse,lucifer,0,-2,-2,Winners Round 2,512
schimmerg,optigambit,1,-2,-2,Winners Round 2,512
mekos,bombproof,0,2,0,Winners Round 2,512
ao,keke,1,-1,0,Winners Round 2,512
nika,mashu kyrielight,0,2,0,Winners Round 2,512
chrome kingfisher,supes,0,2,0,Winners Round 2,512
archaic hazard,gonzo,0,2,0,Winners Round 2,512
player 4,nevermore,0,2,0,Winners Round 2,512
cloudee,eaterarena,0,2,0,Losers Round 2,512
typod nano,ecalis,1,-1,0,Losers Round 2,512
salt&vin,glitchpoke,1,-1,0,Losers Round 2,512
pastor,naeem.,1,-1,0,Losers Round 2,512
nacker,scot,0,0,-1,Losers Round 2,512
spaceblue,cave carson,0,0,-1,Losers Round 2,512
heilpotato,raynetheskunk,0,-2,-2,Losers Round 2,512
shuriblur,seethe,1,-2,-2,Losers Round 2,512
rey alan,shivers,0,2,1,Losers Round 2,512
titokmf,elusivet,1,-1,0,Losers Round 2,512
consort,timz,0,2,0,Losers Round 2,512
mr. handy,pink guy,1,1,2,Losers Round 2,512
yunchop,bluuest,1,-1,0,Losers Round 2,512
sheth,phitz,0,2,1,Losers Round 2,512
gimr,rayness,0,2,1,Losers Round 2,512
password,furon,1,0,2,Losers Round 2,512
dunknplush,kaiju,1,0,2,Losers Round 2,512
quinceprince,wildcard,0,-2,-2,Losers Round 2,512
hungrypang,nazo,0,-2,-2,Losers Round 2,512
krakatoa,ewon,1,0,2,Losers Round 2,512
random,mloclam,0,2,1,Losers Round 2,512
kenny,warsong,0,2,0,Losers Round 2,512
skar,premed,1,0,2,Losers Round 2,512
trizzytherapper,jauffre,1,-1,0,Losers Round 2,512
feef,linkling,0,2,0,Losers Round 2,512
slime,arhungry,0,0,-1,Losers Round 2,512
broom,otwo,1,1,2,Losers Round 2,512
sela,bear,1,-1,0,Losers Round 2,512
mbjr,eclipse,0,2,0,Losers Round 2,512
samto,the protagonist,0,2,0,Losers Round 2,512
zahs,pisxes,0,2,1,Losers Round 2,512
c0rn syrup,yarsrevengerson,1,0,2,Losers Round 2,512
astra,alpha,1,0,2,Losers Round 2,512
fluff,zambo,1,0,2,Losers Round 2,512
treasvon69,flightless,0,2,0,Losers Round 2,512
astra,emba,0,2,0,Losers Round 2,512
fies,tengu,0,0,-1,Losers Round 2,512
engarde,bork,1,0,2,Losers Round 2,512
gangofelk,activetoaster,1,0,2,Losers Round 2,512
flocka,chillshroom,1,-1,0,Losers Round 2,512
mile,gimmix,0,2,0,Losers Round 2,512
salvo,jennatells,1,-1,0,Losers Round 2,512
kurbyp,goofygoober,1,-1,0,Losers Round 2,512
forte,squill,1,-1,0,Losers Round 2,512
wacka,johnswitch,1,1,2,Losers Round 2,512
elie,clif,0,2,0,Losers Round 2,512
saltn,muj,1,0,2,Losers Round 2,512
shockra,sardines4dinner,1,0,2,Losers Round 2,512
eristocrat,wren,1,0,2,Losers Round 2,512
squigulousq,mcchicken,0,2,0,Losers Round 2,512
jioyi,otter,0,2,0,Losers Round 2,512
bonk,mcbanana,1,0,2,Losers Round 2,512
e-nite,quiv,0,2,0,Losers Round 2,512
goddish,thebeef,1,0,2,Losers Round 2,512
dnnrpants,rinku,0,2,0,Losers Round 2,512
doubled,busterboynoah,1,-1,0,Losers Round 2,512
bagel,mole,0,2,1,Losers Round 2,512
mayt,redpunter,1,1,2,Losers Round 2,512
dirty eggroll,cloudy,0,2,0,Losers Round 2,512
extrabbq,deep,0,2,0,Losers Round 2,512
olek,tom,0,0,-1,Losers Round 2,512
orange juice,water,1,-1,0,Losers Round 2,512
drexl,s.i.a.d.,0,0,-1,Losers Round 2,512
z8,gova,0,2,0,Losers Round 2,512
valkyrie,cuppy,0,2,0,Losers Round 2,512
koopa,random text,0,2,0,Losers Round 2,512
king kyra,olimpt,0,2,0,Losers Round 2,512
muffin,smalls,1,1,2,Losers Round 2,512
salocin,icactusdog,1,0,2,Losers Round 2,512
fslink,rupee,1,0,2,Losers Round 2,512
cosmicb,spd,0,2,0,Losers Round 2,512
slicktricks,fjord,1,0,2,Losers Round 2,512
jdiesel,boneyt,0,2,1,Losers Round 2,512
blur,zeitgeist,0,2,0,Losers Round 2,512
kevin,acedefective,0,2,1,Losers Round 2,512
xerck,lima,1,-1,0,Losers Round 2,512
gameliking,neb,0,2,0,Losers Round 2,512
howl,breezyr,0,2,0,Losers Round 2,512
kerthorok,saim,0,2,0,Losers Round 2,512
gij0,backwards god,1,0,2,Losers Round 2,512
nyx,inayellowflash,0,0,-1,Losers Round 2,512
zark,ocho,1,0,2,Losers Round 2,512
eragon,stabbacker,1,0,2,Losers Round 2,512
thunderlit,hawk,1,-1,0,Losers Round 2,512
mcfly,titan,0,2,1,Losers Round 2,512
rews,sif,1,0,2,Losers Round 2,512
bullshooter,wags,1,0,2,Losers Round 2,512
khan,scrappy sensei,1,-1,0,Losers Round 2,512
sir butters,baboonga,0,0,-1,Losers Round 2,512
slothbucket,stadic777,1,0,2,Losers Round 2,512
lomo,yukamui,0,0,-1,Losers Round 2,512
herculesama,mr.o,1,0,2,Losers Round 2,512
allotheabove,hazmatt,0,0,-1,Losers Round 2,512
abiyoyo,cava,0,2,0,Losers Round 2,512
apack,kerby2000,1,-1,0,Losers Round 2,512
aweshucks,naglfar,1,1,2,Losers Round 2,512
yoshiphoenix,nill bye,1,1,2,Losers Round 2,512
action john,y5a,1,-1,0,Losers Round 2,512
short,stoneface,1,-1,0,Losers Round 2,512
hershey,doughkey,1,0,2,Losers Round 2,512
adrian reyes,zanna,1,0,2,Losers Round 2,512
hypernova,siatomic,1,-1,0,Losers Round 2,512
buddha,wumbosaurus,0,2,0,Losers Round 2,512
keiththegeek,tek!,0,2,0,Losers Round 2,512
orpheus,riz,0,0,-1,Losers Round 2,512
mettsu,badvibesislove,0,2,0,Losers Round 2,512
static,tomba,0,2,0,Losers Round 2,512
ee,zoo,1,-1,0,Losers Round 2,512
eson,vize,0,2,0,Losers Round 2,512
thecutter,middleone,1,0,2,Losers Round 2,512
frosty,rei,1,0,2,Losers Round 2,512
c4,kooradou,0,2,0,Losers Round 2,512
jojo,weiwal,1,1,2,Losers Round 2,512
objekshin,spookyraver,1,-1,0,Losers Round 2,512
lava lord,bmachine,0,0,-1,Losers Round 2,512
quailman,alphameow,0,0,-1,Losers Round 2,512
egad,jack,0,0,-1,Losers Round 2,512
iskandar,axe,1,0,2,Losers Round 2,512
rook,thereel,0,0,-1,Losers Round 2,512
fullsaberex,lingling,0,0,-1,Losers Round 2,512
fireant,schimmerg,0,-2,-2,Losers Round 2,512
lucifer,whiskey,1,-2,-2,Losers Round 2,512
riko,dr.chad,0,-2,-2,Losers Round 2,512
sinda,evanator,1,-2,-2,Losers Round 2,512
avion,nevermore,0,2,0,Losers Round 2,512
gonzo,supes,1,0,2,Losers Round 2,512
sl!nk,mashu kyrielight,0,2,0,Losers Round 2,512
ao,bombproof,1,-1,0,Losers Round 2,512
tweek,zetaken,0,0,-1,Winners Quarter-Final,384
bonesaw,southpaw,0,2,1,Winners Quarter-Final,384
roxas,hat,0,2,0,Winners Quarter-Final,384
mj,archy,0,2,0,Winners Quarter-Final,384
mkleo,bng,0,-2,-2,Winners Quarter-Final,384
dj nintendo,coldweatherr,0,-2,-2,Winners Quarter-Final,384
laska,shas,0,-2,-2,Winners Quarter-Final,384
kazenoko,sol,0,-2,-2,Winners Quarter-Final,384
light,mak,0,2,0,Winners Quarter-Final,384
slamshady,mart,0,2,0,Winners Quarter-Final,384
ralphie,dcorn,0,2,1,Winners Quarter-Final,384
mata-door,bonz,0,2,1,Winners Quarter-Final,384
mvd,weste,0,2,0,Winners Quarter-Final,384
scifire,glacey,1,0,2,Winners Quarter-Final,384
jebb,midrush,0,2,0,Winners Quarter-Final,384
pelca,sunfish,0,2,0,Winners Quarter-Final,384
nairo,meary,0,2,0,Winners Quarter-Final,384
ryan b,final,1,-2,-2,Winners Quarter-Final,384
daybreak,lobos,0,2,0,Winners Quarter-Final,384
burntsocks,saint,1,0,2,Winners Quarter-Final,384
salem,mute,0,2,0,Winners Quarter-Final,384
lazyboredom,porkaye,0,2,0,Winners Quarter-Final,384
puppeh,gold,0,2,0,Winners Quarter-Final,384
uno,ljskatergirl,0,2,1,Winners Quarter-Final,384
ally,rysir,0,2,0,Winners Quarter-Final,384
nature,rocky~,0,2,0,Winners Quarter-Final,384
mufasa,ahri,0,2,0,Winners Quarter-Final,384
osiris197,acro,0,2,0,Winners Quarter-Final,384
esam,smitty,0,2,0,Winners Quarter-Final,384
squidboy,unknown,1,0,2,Winners Quarter-Final,384
squerk,babycakes,0,2,1,Winners Quarter-Final,384
joe-j,doris,0,2,0,Winners Quarter-Final,384
wadi,darex,0,2,0,Winners Quarter-Final,384
clack,lost1ntime,1,0,2,Winners Quarter-Final,384
tension,daigon,0,2,0,Winners Quarter-Final,384
slawdini,icee_roy,1,0,2,Winners Quarter-Final,384
ryuga,kirbycombo35,0,2,0,Winners Quarter-Final,384
rishi,tantalus,0,2,0,Winners Quarter-Final,384
wishes,lu416,0,2,0,Winners Quarter-Final,384
2shiigh,potatoe,1,0,2,Winners Quarter-Final,384
thereflexwonder,lutte,0,2,0,Winners Quarter-Final,384
sandstorm,jeb,0,2,0,Winners Quarter-Final,384
coreo,katie day,0,2,0,Winners Quarter-Final,384
dunnobro,sunseeds,1,0,2,Winners Quarter-Final,384
zd,zuramaru,0,2,0,Winners Quarter-Final,384
frostbyte,aos,0,2,1,Winners Quarter-Final,384
k.i.d.goggles,zaylx,0,2,0,Winners Quarter-Final,384
dark,raven,1,0,2,Winners Quarter-Final,384
cosmos,esoj,0,2,0,Winners Quarter-Final,384
unkn0wn,eroc,0,2,1,Winners Quarter-Final,384
blank,jmn,0,2,0,Winners Quarter-Final,384
black yoshi,cakes,0,2,1,Winners Quarter-Final,384
tamim,mirage,0,2,0,Winners Quarter-Final,384
qwerty,dantheman,1,0,2,Winners Quarter-Final,384
logic,joeseidon,0,2,1,Winners Quarter-Final,384
fastcree,cinnpie,0,2,0,Winners Quarter-Final,384
gen,hen,0,2,0,Winners Quarter-Final,384
jdawg,average joe,1,0,2,Winners Quarter-Final,384
static,marteen,0,2,0,Winners Quarter-Final,384
sova unknown,tico,0,2,0,Winners Quarter-Final,384
dark wizzy,jewchainz,0,2,0,Winners Quarter-Final,384
kalebkujo,drago,0,2,1,Winners Quarter-Final,384
coney,dank,0,0,-1,Winners Quarter-Final,384
juice,j-fid,0,2,0,Winners Quarter-Final,384
seth,buck buck jones,0,2,0,Winners Quarter-Final,384
arbar,pauleke,1,1,2,Winners Quarter-Final,384
jakal,ears,0,2,0,Winners Quarter-Final,384
blaiseagain,dub,1,1,2,Winners Quarter-Final,384
shoyo james,j,0,2,0,Winners Quarter-Final,384
primid,rk,1,1,2,Winners Quarter-Final,384
promaelia,ulsi,0,2,0,Winners Quarter-Final,384
dingus joe,projo,0,2,1,Winners Quarter-Final,384
regalo,joker,0,2,0,Winners Quarter-Final,384
f.o.e.,bloodynite,1,1,2,Winners Quarter-Final,384
ronin,dublio,0,2,0,Winners Quarter-Final,384
hex,emerldd,0,2,0,Winners Quarter-Final,384
captainzack,t.yeezy,0,2,0,Winners Quarter-Final,384
mallow,smooch,0,2,1,Winners Quarter-Final,384
vinnie,king,0,2,0,Winners Quarter-Final,384
guy,mickey,0,2,1,Winners Quarter-Final,384
blazingpasta,guap,0,2,0,Winners Quarter-Final,384
aposl,shamoo,1,0,2,Winners Quarter-Final,384
parappa,tombstone,0,2,0,Winners Quarter-Final,384
bankai,nowa,0,2,0,Winners Quarter-Final,384
nickc,diddler,0,2,0,Winners Quarter-Final,384
chas,techei,0,2,0,Winners Quarter-Final,384
sekai,chrischris6767,0,2,0,Winners Quarter-Final,384
excalibur,kirkas,0,2,1,Winners Quarter-Final,384
utopianray,rko,0,2,0,Winners Quarter-Final,384
skance,boogaloo,0,2,1,Winners Quarter-Final,384
mogg,skabs,0,2,0,Winners Quarter-Final,384
sharrum,chusday,1,0,2,Winners Quarter-Final,384
dexter,mossy,0,2,0,Winners Quarter-Final,384
broseidon,tkbreezy,0,2,1,Winners Quarter-Final,384
mystearica,precookedbread,1,1,2,Winners Quarter-Final,384
drdelicious,2fast,1,0,2,Winners Quarter-Final,384
seagull joe,prince ralts,0,2,0,Winners Quarter-Final,384
chillindude,catharc,1,0,2,Winners Quarter-Final,384
pathoran,relaxed,0,2,0,Winners Quarter-Final,384
joey,zman,0,2,0,Winners Quarter-Final,384
sdx,s q vel,0,2,0,Winners Quarter-Final,384
file,skwiggs,0,2,0,Winners Quarter-Final,384
remzi,tom savage21,0,2,0,Winners Quarter-Final,384
snow,yohhero,1,1,2,Winners Quarter-Final,384
mr e,flygon,0,2,0,Winners Quarter-Final,384
dinoslashz,zephyrus,0,2,0,Winners Quarter-Final,384
rags,afromac,0,2,0,Winners Quarter-Final,384
mkmoney,bidoof,1,0,2,Winners Quarter-Final,384
6wx,gfrommd,0,2,0,Winners Quarter-Final,384
van,nsm: big_al,1,1,2,Winners Quarter-Final,384
iota,scythesurge,0,2,0,Winners Quarter-Final,384
dietsoda,bigplay,0,2,1,Winners Quarter-Final,384
8bitman,dsi,0,2,0,Winners Quarter-Final,384
mav,ozone,1,0,2,Winners Quarter-Final,384
pink fresh,#NAME?,0,2,0,Winners Quarter-Final,384
biddy,cardd,0,2,0,Winners Quarter-Final,384
noahg,xxxxxxxxxx,1,0,2,Winners Quarter-Final,384
acid,kam steele,1,0,2,Winners Quarter-Final,384
clipboards,savethewaffles,1,0,2,Winners Quarter-Final,384
b1llyb0b,barking_frog,1,0,2,Winners Quarter-Final,384
jtails,darkchao_,0,-2,-2,Winners Quarter-Final,384
los,hatton,0,-2,-2,Winners Quarter-Final,384
xerom,darkhorse,0,-2,-2,Winners Quarter-Final,384
optigambit,disgaea,1,-2,-2,Winners Quarter-Final,384
mekos,keke,0,2,0,Winners Quarter-Final,384
nika,vert,1,1,2,Winners Quarter-Final,384
chrome kingfisher,archaic hazard,0,2,0,Winners Quarter-Final,384
player 4,fruit,0,2,0,Winners Quarter-Final,384
southpaw,cloudee,0,2,1,Losers Round 3,384
zetaken,ecalis,1,-1,0,Losers Round 3,384
archy,glitchpoke,0,2,0,Losers Round 3,384
hat,naeem.,1,0,2,Losers Round 3,384
coldweatherr,nacker,0,-2,-2,Losers Round 3,384
bng,spaceblue,0,-2,-2,Losers Round 3,384
sol,heilpotato,1,-2,-2,Losers Round 3,384
shas,seethe,0,-2,-2,Losers Round 3,384
mart,rey alan,0,2,0,Losers Round 3,384
mak,elusivet,1,0,2,Losers Round 3,384
bonz,consort,1,0,2,Losers Round 3,384
dcorn,pink guy,0,2,0,Losers Round 3,384
scifire,bluuest,0,2,0,Losers Round 3,384
weste,sheth,1,1,2,Losers Round 3,384
sunfish,gimr,1,0,2,Losers Round 3,384
midrush,furon,1,0,2,Losers Round 3,384
ryan b,kaiju,1,0,2,Losers Round 3,384
meary,quinceprince,0,2,0,Losers Round 3,384
burntsocks,hungrypang,0,2,0,Losers Round 3,384
lobos,ewon,1,0,2,Losers Round 3,384
porkaye,random,1,0,2,Losers Round 3,384
mute,kenny,1,0,2,Losers Round 3,384
ljskatergirl,premed,0,2,1,Losers Round 3,384
gold,jauffre,0,2,0,Losers Round 3,384
rocky~,feef,0,2,1,Losers Round 3,384
rysir,slime,0,2,1,Losers Round 3,384
acro,otwo,0,2,0,Losers Round 3,384
ahri,bear,0,2,0,Losers Round 3,384
squidboy,mbjr,0,2,0,Losers Round 3,384
smitty,samto,0,2,0,Losers Round 3,384
doris,zahs,0,2,0,Losers Round 3,384
babycakes,yarsrevengerson,0,2,0,Losers Round 3,384
clack,alpha,1,0,2,Losers Round 3,384
darex,zambo,0,2,0,Losers Round 3,384
slawdini,treasvon69,1,0,2,Losers Round 3,384
daigon,astra,0,2,0,Losers Round 3,384
tantalus,fies,0,2,0,Losers Round 3,384
kirbycombo35,bork,1,1,2,Losers Round 3,384
2shiigh,activetoaster,1,1,2,Losers Round 3,384
lu416,chillshroom,1,1,2,Losers Round 3,384
jeb,mile,0,2,0,Losers Round 3,384
lutte,jennatells,0,2,0,Losers Round 3,384
dunnobro,goofygoober,0,2,0,Losers Round 3,384
katie day,squill,0,2,0,Losers Round 3,384
aos,johnswitch,0,2,0,Losers Round 3,384
zuramaru,elie,0,2,0,Losers Round 3,384
dark,muj,0,2,0,Losers Round 3,384
zaylx,sardines4dinner,1,0,2,Losers Round 3,384
eroc,wren,1,0,2,Losers Round 3,384
esoj,squigulousq,0,2,0,Losers Round 3,384
cakes,jioyi,0,2,0,Losers Round 3,384
jmn,mcbanana,1,0,2,Losers Round 3,384
qwerty,e-nite,0,2,0,Losers Round 3,384
mirage,thebeef,0,2,1,Losers Round 3,384
cinnpie,dnnrpants,0,2,0,Losers Round 3,384
joeseidon,busterboynoah,0,2,0,Losers Round 3,384
jdawg,bagel,0,2,0,Losers Round 3,384
hen,redpunter,0,2,0,Losers Round 3,384
tico,dirty eggroll,0,2,0,Losers Round 3,384
marteen,extrabbq,0,2,0,Losers Round 3,384
drago,olek,0,2,1,Losers Round 3,384
jewchainz,water,0,2,0,Losers Round 3,384
j-fid,drexl,1,1,2,Losers Round 3,384
dank,z8,1,-1,0,Losers Round 3,384
arbar,valkyrie,0,2,0,Losers Round 3,384
buck buck jones,koopa,0,2,1,Losers Round 3,384
blaiseagain,king kyra,0,2,0,Losers Round 3,384
ears,smalls,0,2,0,Losers Round 3,384
primid,icactusdog,0,2,0,Losers Round 3,384
j,rupee,1,0,2,Losers Round 3,384
projo,cosmicb,0,2,0,Losers Round 3,384
ulsi,fjord,1,0,2,Losers Round 3,384
f.o.e.,jdiesel,0,2,0,Losers Round 3,384
joker,blur,1,1,2,Losers Round 3,384
emerldd,kevin,0,2,0,Losers Round 3,384
dublio,lima,1,0,2,Losers Round 3,384
smooch,gameliking,1,0,2,Losers Round 3,384
t.yeezy,howl,0,2,0,Losers Round 3,384
mickey,kerthorok,1,1,2,Losers Round 3,384
king,backwards god,0,2,0,Losers Round 3,384
aposl,nyx,1,1,2,Losers Round 3,384
guap,ocho,0,2,0,Losers Round 3,384
nowa,stabbacker,0,2,1,Losers Round 3,384
tombstone,hawk,1,0,2,Losers Round 3,384
techei,mcfly,0,2,0,Losers Round 3,384
diddler,sif,1,1,2,Losers Round 3,384
kirkas,wags,0,2,0,Losers Round 3,384
chrischris6767,scrappy sensei,0,2,0,Losers Round 3,384
boogaloo,sir butters,0,2,0,Losers Round 3,384
rko,stadic777,0,2,0,Losers Round 3,384
sharrum,lomo,0,0,-1,Losers Round 3,384
skabs,mr.o,1,1,2,Losers Round 3,384
tkbreezy,allotheabove,0,2,0,Losers Round 3,384
mossy,abiyoyo,0,2,0,Losers Round 3,384
drdelicious,kerby2000,0,2,0,Losers Round 3,384
mystearica,naglfar,0,2,0,Losers Round 3,384
chillindude,nill bye,0,2,0,Losers Round 3,384
prince ralts,y5a,0,0,-1,Losers Round 3,384
zman,stoneface,0,0,-1,Losers Round 3,384
relaxed,doughkey,0,2,1,Losers Round 3,384
skwiggs,zanna,1,-1,0,Losers Round 3,384
s q vel,siatomic,0,2,0,Losers Round 3,384
snow,buddha,0,2,1,Losers Round 3,384
tom savage21,keiththegeek,1,0,2,Losers Round 3,384
zephyrus,orpheus,1,0,2,Losers Round 3,384
flygon,mettsu,1,0,2,Losers Round 3,384
mkmoney,static,1,0,2,Losers Round 3,384
afromac,zoo,1,0,2,Losers Round 3,384
van,eson,0,2,1,Losers Round 3,384
gfrommd,middleone,0,2,0,Losers Round 3,384
bigplay,rei,0,2,0,Losers Round 3,384
scythesurge,c4,0,2,1,Losers Round 3,384
mav,weiwal,0,2,0,Losers Round 3,384
dsi,spookyraver,1,0,2,Losers Round 3,384
cardd,lava lord,0,2,0,Losers Round 3,384
#NAME?,quailman,0,2,0,Losers Round 3,384
acid,egad,0,2,0,Losers Round 3,384
noahg,axe,1,0,2,Losers Round 3,384
b1llyb0b,rook,1,0,2,Losers Round 3,384
clipboards,fullsaberex,0,2,0,Losers Round 3,384
hatton,fireant,0,-2,-2,Losers Round 3,384
darkchao_,whiskey,1,-2,-2,Losers Round 3,384
optigambit,riko,1,-2,-2,Losers Round 3,384
darkhorse,evanator,1,-2,-2,Losers Round 3,384
nika,avion,0,2,1,Losers Round 3,384
keke,supes,0,2,0,Losers Round 3,384
fruit,sl!nk,0,2,1,Losers Round 3,384
archaic hazard,bombproof,1,0,2,Losers Round 3,384
southpaw,ecalis,0,2,1,Losers Round 4,256
archy,naeem.,0,2,0,Losers Round 4,256
coldweatherr,bng,0,-2,-2,Losers Round 4,256
heilpotato,shas,0,-2,-2,Losers Round 4,256
mart,elusivet,0,2,0,Losers Round 4,256
consort,dcorn,1,0,2,Losers Round 4,256
scifire,sheth,0,2,1,Losers Round 4,256
gimr,furon,0,2,0,Losers Round 4,256
kaiju,meary,0,2,0,Losers Round 4,256
burntsocks,ewon,0,2,0,Losers Round 4,256
random,kenny,0,2,0,Losers Round 4,256
ljskatergirl,gold,1,0,2,Losers Round 4,256
rocky~,rysir,0,2,0,Losers Round 4,256
acro,ahri,0,2,0,Losers Round 4,256
squidboy,smitty,0,2,1,Losers Round 4,256
doris,babycakes,1,1,2,Losers Round 4,256
alpha,darex,0,2,0,Losers Round 4,256
treasvon69,daigon,1,0,2,Losers Round 4,256
tantalus,bork,0,2,0,Losers Round 4,256
activetoaster,chillshroom,1,1,2,Losers Round 4,256
jeb,lutte,0,2,0,Losers Round 4,256
dunnobro,katie day,0,2,1,Losers Round 4,256
aos,zuramaru,0,2,0,Losers Round 4,256
dark,sardines4dinner,0,2,0,Losers Round 4,256
wren,esoj,1,0,2,Losers Round 4,256
cakes,mcbanana,1,0,2,Losers Round 4,256
qwerty,mirage,0,2,0,Losers Round 4,256
cinnpie,joeseidon,0,2,1,Losers Round 4,256
jdawg,hen,0,2,0,Losers Round 4,256
tico,marteen,1,1,2,Losers Round 4,256
drago,jewchainz,0,2,1,Losers Round 4,256
drexl,z8,0,-2,-2,Losers Round 4,256
arbar,buck buck jones,0,2,0,Losers Round 4,256
blaiseagain,ears,0,2,0,Losers Round 4,256
primid,rupee,0,2,0,Losers Round 4,256
projo,fjord,1,1,2,Losers Round 4,256
f.o.e.,blur,0,2,0,Losers Round 4,256
emerldd,lima,1,0,2,Losers Round 4,256
gameliking,t.yeezy,0,2,0,Losers Round 4,256
kerthorok,king,1,1,2,Losers Round 4,256
nyx,guap,1,0,2,Losers Round 4,256
nowa,hawk,1,0,2,Losers Round 4,256
techei,sif,1,1,2,Losers Round 4,256
kirkas,chrischris6767,1,1,2,Losers Round 4,256
boogaloo,rko,0,2,0,Losers Round 4,256
sharrum,mr.o,1,0,2,Losers Round 4,256
tkbreezy,mossy,0,2,0,Losers Round 4,256
drdelicious,mystearica,1,0,2,Losers Round 4,256
chillindude,prince ralts,0,2,1,Losers Round 4,256
zman,relaxed,1,0,2,Losers Round 4,256
zanna,s q vel,0,2,1,Losers Round 4,256
snow,keiththegeek,0,2,0,Losers Round 4,256
orpheus,mettsu,0,2,1,Losers Round 4,256
static,zoo,1,0,2,Losers Round 4,256
van,gfrommd,0,2,0,Losers Round 4,256
bigplay,scythesurge,0,2,1,Losers Round 4,256
mav,spookyraver,0,2,0,Losers Round 4,256
cardd,#NAME?,0,2,0,Losers Round 4,256
acid,axe,1,1,2,Losers Round 4,256
rook,clipboards,1,0,2,Losers Round 4,256
hatton,whiskey,0,2,0,Losers Round 4,256
riko,evanator,1,0,2,Losers Round 4,256
nika,keke,0,2,0,Losers Round 4,256
fruit,bombproof,1,1,2,Losers Round 4,256
tweek,bonesaw,0,2,0,Winners Semi-Final,192
roxas,mj,0,2,0,Winners Semi-Final,192
mkleo,dj nintendo,0,-2,-2,Winners Semi-Final,192
laska,kazenoko,1,-2,-2,Winners Semi-Final,192
light,slamshady,0,2,0,Winners Semi-Final,192
ralphie,mata-door,1,0,2,Winners Semi-Final,192
mvd,glacey,0,2,0,Winners Semi-Final,192
jebb,pelca,0,2,0,Winners Semi-Final,192
nairo,final,0,2,0,Winners Semi-Final,192
daybreak,saint,0,2,0,Winners Semi-Final,192
salem,lazyboredom,0,2,1,Winners Semi-Final,192
puppeh,uno,0,2,1,Winners Semi-Final,192
ally,nature,0,2,0,Winners Semi-Final,192
mufasa,osiris197,1,1,2,Winners Semi-Final,192
esam,unknown,0,2,1,Winners Semi-Final,192
squerk,joe-j,0,2,1,Winners Semi-Final,192
wadi,lost1ntime,0,2,0,Winners Semi-Final,192
tension,icee_roy,0,2,0,Winners Semi-Final,192
ryuga,rishi,0,2,0,Winners Semi-Final,192
wishes,potatoe,0,2,0,Winners Semi-Final,192
thereflexwonder,sandstorm,0,2,1,Winners Semi-Final,192
coreo,sunseeds,0,2,1,Winners Semi-Final,192
zd,frostbyte,0,2,0,Winners Semi-Final,192
k.i.d.goggles,raven,0,2,1,Winners Semi-Final,192
cosmos,unkn0wn,0,2,0,Winners Semi-Final,192
blank,black yoshi,0,2,0,Winners Semi-Final,192
tamim,dantheman,0,2,0,Winners Semi-Final,192
logic,fastcree,0,2,0,Winners Semi-Final,192
gen,average joe,0,2,0,Winners Semi-Final,192
static,sova unknown,0,2,0,Winners Semi-Final,192
dark wizzy,kalebkujo,0,2,0,Winners Semi-Final,192
coney,juice,1,1,2,Winners Semi-Final,192
seth,pauleke,0,2,0,Winners Semi-Final,192
jakal,dub,0,2,0,Winners Semi-Final,192
shoyo james,rk,0,2,0,Winners Semi-Final,192
promaelia,dingus joe,0,2,1,Winners Semi-Final,192
regalo,bloodynite,0,2,0,Winners Semi-Final,192
ronin,hex,0,2,0,Winners Semi-Final,192
captainzack,mallow,0,2,0,Winners Semi-Final,192
vinnie,guy,0,2,1,Winners Semi-Final,192
blazingpasta,shamoo,0,2,0,Winners Semi-Final,192
parappa,bankai,1,0,2,Winners Semi-Final,192
nickc,chas,0,2,0,Winners Semi-Final,192
sekai,excalibur,1,0,2,Winners Semi-Final,192
utopianray,skance,0,2,0,Winners Semi-Final,192
mogg,chusday,0,2,0,Winners Semi-Final,192
dexter,broseidon,0,2,0,Winners Semi-Final,192
precookedbread,2fast,1,1,2,Winners Semi-Final,192
seagull joe,catharc,0,2,0,Winners Semi-Final,192
pathoran,joey,0,2,1,Winners Semi-Final,192
sdx,file,0,2,0,Winners Semi-Final,192
remzi,yohhero,0,2,0,Winners Semi-Final,192
mr e,dinoslashz,0,2,0,Winners Semi-Final,192
rags,bidoof,0,2,1,Winners Semi-Final,192
6wx,nsm: big_al,0,2,0,Winners Semi-Final,192
iota,dietsoda,0,2,1,Winners Semi-Final,192
8bitman,ozone,0,2,1,Winners Semi-Final,192
pink fresh,biddy,1,0,2,Winners Semi-Final,192
xxxxxxxxxx,kam steele,1,0,2,Winners Semi-Final,192
savethewaffles,barking_frog,1,0,2,Winners Semi-Final,192
jtails,los,1,-2,-2,Winners Semi-Final,192
xerom,disgaea,0,-2,-2,Winners Semi-Final,192
mekos,vert,0,2,0,Winners Semi-Final,192
chrome kingfisher,player 4,0,2,0,Winners Semi-Final,192
mj,southpaw,0,2,0,Losers Quarter-Final,192
bonesaw,archy,0,2,0,Losers Quarter-Final,192
laska,coldweatherr,0,-2,-2,Losers Quarter-Final,192
dj nintendo,heilpotato,0,-2,-2,Losers Quarter-Final,192
ralphie,mart,0,2,1,Losers Quarter-Final,192
slamshady,dcorn,1,1,2,Losers Quarter-Final,192
pelca,scifire,0,2,0,Losers Quarter-Final,192
glacey,gimr,0,-2,-2,Losers Quarter-Final,192
saint,kaiju,1,1,2,Losers Quarter-Final,192
final,burntsocks,1,-2,-2,Losers Quarter-Final,192
uno,random,0,2,0,Losers Quarter-Final,192
lazyboredom,gold,0,2,0,Losers Quarter-Final,192
mufasa,rocky~,0,2,1,Losers Quarter-Final,192
nature,acro,0,2,0,Losers Quarter-Final,192
joe-j,squidboy,0,2,1,Losers Quarter-Final,192
unknown,babycakes,0,2,0,Losers Quarter-Final,192
icee_roy,alpha,1,0,2,Losers Quarter-Final,192
lost1ntime,daigon,0,2,0,Losers Quarter-Final,192
potatoe,tantalus,0,2,0,Losers Quarter-Final,192
rishi,chillshroom,0,2,1,Losers Quarter-Final,192
sunseeds,jeb,0,-2,-2,Losers Quarter-Final,192
sandstorm,dunnobro,0,-2,-2,Losers Quarter-Final,192
raven,aos,1,0,2,Losers Quarter-Final,192
frostbyte,dark,0,2,0,Losers Quarter-Final,192
black yoshi,esoj,0,-2,-2,Losers Quarter-Final,192
unkn0wn,mcbanana,0,-2,-2,Losers Quarter-Final,192
fastcree,qwerty,0,2,0,Losers Quarter-Final,192
dantheman,cinnpie,0,2,0,Losers Quarter-Final,192
sova unknown,jdawg,0,2,0,Losers Quarter-Final,192
average joe,marteen,0,2,1,Losers Quarter-Final,192
coney,drago,0,2,0,Losers Quarter-Final,192
kalebkujo,drexl,0,2,0,Losers Quarter-Final,192
dub,arbar,1,1,2,Losers Quarter-Final,192
pauleke,blaiseagain,1,0,2,Losers Quarter-Final,192
dingus joe,primid,0,2,0,Losers Quarter-Final,192
rk,fjord,0,2,0,Losers Quarter-Final,192
hex,f.o.e.,0,2,0,Losers Quarter-Final,192
bloodynite,lima,1,0,2,Losers Quarter-Final,192
guy,gameliking,1,0,2,Losers Quarter-Final,192
mallow,king,0,2,0,Losers Quarter-Final,192
parappa,guap,0,2,0,Losers Quarter-Final,192
shamoo,hawk,1,0,2,Losers Quarter-Final,192
sekai,sif,0,2,0,Losers Quarter-Final,192
chas,chrischris6767,0,2,0,Losers Quarter-Final,192
chusday,boogaloo,0,2,0,Losers Quarter-Final,192
skance,mr.o,0,2,0,Losers Quarter-Final,192
precookedbread,tkbreezy,1,1,2,Losers Quarter-Final,192
broseidon,mystearica,0,2,1,Losers Quarter-Final,192
joey,chillindude,0,2,1,Losers Quarter-Final,192
catharc,relaxed,0,2,0,Losers Quarter-Final,192
yohhero,zanna,1,1,2,Losers Quarter-Final,192
file,snow,0,2,1,Losers Quarter-Final,192
bidoof,orpheus,1,1,2,Losers Quarter-Final,192
dinoslashz,zoo,1,1,2,Losers Quarter-Final,192
dietsoda,van,1,0,2,Losers Quarter-Final,192
nsm: big_al,bigplay,0,2,1,Losers Quarter-Final,192
pink fresh,mav,0,2,1,Losers Quarter-Final,192
ozone,cardd,0,2,0,Losers Quarter-Final,192
savethewaffles,axe,1,0,2,Losers Quarter-Final,192
xxxxxxxxxx,clipboards,1,0,2,Losers Quarter-Final,192
disgaea,hatton,0,2,1,Losers Quarter-Final,192
jtails,evanator,0,2,1,Losers Quarter-Final,192
player 4,nika,1,0,2,Losers Quarter-Final,192
vert,bombproof,0,2,0,Losers Quarter-Final,192
tweek,roxas,0,2,0,Winners Final,128
mkleo,kazenoko,0,-2,-2,Winners Final,128
light,mata-door,0,2,0,Winners Final,128
mvd,jebb,1,1,2,Winners Final,128
nairo,daybreak,0,-2,-2,Winners Final,128
salem,puppeh,0,2,0,Winners Final,128
ally,osiris197,0,2,0,Winners Final,128
esam,squerk,1,0,2,Winners Final,128
wadi,tension,0,2,0,Winners Final,128
ryuga,wishes,0,2,0,Winners Final,128
thereflexwonder,coreo,0,2,0,Winners Final,128
zd,k.i.d.goggles,0,2,0,Winners Final,128
cosmos,blank,0,2,0,Winners Final,128
tamim,logic,0,2,0,Winners Final,128
gen,static,0,2,0,Winners Final,128
dark wizzy,juice,1,0,2,Winners Final,128
seth,jakal,1,0,2,Winners Final,128
shoyo james,promaelia,0,2,0,Winners Final,128
regalo,ronin,0,2,1,Winners Final,128
captainzack,vinnie,1,0,2,Winners Final,128
blazingpasta,bankai,0,2,0,Winners Final,128
nickc,excalibur,0,2,0,Winners Final,128
utopianray,mogg,0,2,1,Winners Final,128
dexter,2fast,0,2,0,Winners Final,128
seagull joe,pathoran,0,2,0,Winners Final,128
sdx,remzi,0,2,1,Winners Final,128
mr e,rags,0,2,1,Winners Final,128
6wx,iota,0,2,0,Winners Final,128
8bitman,biddy,0,2,0,Winners Final,128
kam steele,barking_frog,1,0,2,Winners Final,128
los,xerom,1,0,2,Winners Final,128
mekos,chrome kingfisher,1,1,2,Winners Final,128
unknown,mj,0,2,1,Losers Round 1,128
catharc,nika,0,2,1,Losers Round 1,128
lost1ntime,coney,1,0,2,Losers Round 1,128
broseidon,arbar,0,2,0,Losers Round 1,128
bonesaw,joe-j,1,0,2,Losers Round 1,128
vert,joey,1,0,2,Losers Round 1,128
kalebkujo,alpha,1,0,2,Losers Round 1,128
blaiseagain,tkbreezy,0,2,0,Losers Round 1,128
nature,laska,0,2,1,Losers Round 1,128
file,disgaea,0,2,1,Losers Round 1,128
rishi,sova unknown,0,2,0,Losers Round 1,128
skance,dingus joe,1,0,2,Losers Round 1,128
dj nintendo,mufasa,1,-1,0,Losers Round 1,128
jtails,zanna,0,2,0,Losers Round 1,128
average joe,potatoe,1,0,2,Losers Round 1,128
rk,chusday,0,0,-1,Losers Round 1,128
lazyboredom,ralphie,0,2,0,Losers Round 1,128
zoo,axe,0,2,0,Losers Round 1,128
sandstorm,fastcree,0,2,0,Losers Round 1,128
chas,hex,1,0,2,Losers Round 1,128
dcorn,uno,1,1,2,Losers Round 1,128
clipboards,orpheus,1,1,2,Losers Round 1,128
dantheman,sunseeds,1,0,2,Losers Round 1,128
lima,sekai,0,2,0,Losers Round 1,128
burntsocks,pelca,0,2,0,Losers Round 1,128
nsm: big_al,pink fresh,1,1,2,Losers Round 1,128
frostbyte,black yoshi,1,1,2,Losers Round 1,128
hawk,gameliking,1,0,2,Losers Round 1,128
glacey,kaiju,0,2,1,Losers Round 1,128
ozone,van,0,2,0,Losers Round 1,128
unkn0wn,aos,1,0,2,Losers Round 1,128
mallow,parappa,1,0,2,Losers Round 1,128
2fast,unknown,1,0,2,Losers Round 2,96
tension,catharc,0,2,0,Losers Round 2,96
pathoran,coney,0,2,0,Losers Round 2,96
esam,broseidon,0,2,0,Losers Round 2,96
seth,joe-j,0,2,0,Losers Round 2,96
dark wizzy,joey,0,2,1,Losers Round 2,96
mekos,alpha,0,2,1,Losers Round 2,96
roxas,blaiseagain,0,2,0,Losers Round 2,96
mogg,nature,0,2,0,Losers Round 2,96
wishes,file,0,2,0,Losers Round 2,96
remzi,rishi,0,2,0,Losers Round 2,96
osiris197,dingus joe,1,-1,0,Losers Round 2,96
promaelia,mufasa,0,2,0,Losers Round 2,96
static,jtails,0,2,0,Losers Round 2,96
los,potatoe,0,2,0,Losers Round 2,96
kazenoko,rk,0,2,0,Losers Round 2,96
excalibur,lazyboredom,0,2,0,Losers Round 2,96
coreo,zoo,1,1,2,Losers Round 2,96
rags,sandstorm,0,2,0,Losers Round 2,96
puppeh,hex,0,2,0,Losers Round 2,96
ronin,uno,0,2,1,Losers Round 2,96
logic,orpheus,0,2,0,Losers Round 2,96
kam steele,sunseeds,1,0,2,Losers Round 2,96
mata-door,lima,0,2,1,Losers Round 2,96
bankai,burntsocks,1,1,2,Losers Round 2,96
k.i.d.goggles,pink fresh,0,2,1,Losers Round 2,96
iota,black yoshi,0,2,1,Losers Round 2,96
daybreak,gameliking,0,2,0,Losers Round 2,96
captainzack,glacey,0,2,0,Losers Round 2,96
blank,ozone,0,2,1,Losers Round 2,96
biddy,aos,0,2,0,Losers Round 2,96
mvd,parappa,0,2,0,Losers Round 2,96
unknown,tension,0,2,1,Losers Round 3,64
pathoran,esam,1,0,2,Losers Round 3,64
seth,dark wizzy,1,0,2,Losers Round 3,64
mekos,roxas,0,2,0,Losers Round 3,64
mogg,wishes,1,1,2,Losers Round 3,64
remzi,dingus joe,1,0,2,Losers Round 3,64
promaelia,static,1,1,2,Losers Round 3,64
los,kazenoko,0,2,1,Losers Round 3,64
excalibur,zoo,1,1,2,Losers Round 3,64
rags,puppeh,0,2,0,Losers Round 3,64
ronin,logic,1,0,2,Losers Round 3,64
sunseeds,mata-door,0,2,1,Losers Round 3,64
burntsocks,k.i.d.goggles,0,2,0,Losers Round 3,64
iota,daybreak,1,0,2,Losers Round 3,64
captainzack,blank,1,0,2,Losers Round 3,64
biddy,mvd,1,0,2,Losers Round 3,64
tweek,chrome kingfisher,0,2,0,Winners Quarter-Final,48
jakal,seagull joe,0,2,0,Winners Quarter-Final,48
squerk,juice,1,0,2,Winners Quarter-Final,48
wadi,dexter,0,2,1,Winners Quarter-Final,48
mkleo,xerom,0,2,0,Winners Quarter-Final,48
gen,shoyo james,0,2,1,Winners Quarter-Final,48
ally,sdx,0,2,0,Winners Quarter-Final,48
ryuga,utopianray,1,1,2,Winners Quarter-Final,48
light,barking_frog,0,2,0,Winners Quarter-Final,48
tamim,regalo,0,2,0,Winners Quarter-Final,48
salem,mr e,0,2,0,Winners Quarter-Final,48
thereflexwonder,nickc,1,0,2,Winners Quarter-Final,48
jebb,8bitman,1,1,2,Winners Quarter-Final,48
cosmos,vinnie,0,2,0,Winners Quarter-Final,48
nairo,6wx,0,2,0,Winners Quarter-Final,48
zd,blazingpasta,0,2,1,Winners Quarter-Final,48
seagull joe,unknown,0,2,0,Losers Round 4,48
chrome kingfisher,esam,1,1,2,Losers Round 4,48
dexter,dark wizzy,1,0,2,Losers Round 4,48
squerk,mekos,0,2,0,Losers Round 4,48
shoyo james,wishes,0,2,0,Losers Round 4,48
xerom,dingus joe,1,0,2,Losers Round 4,48
ryuga,static,1,0,2,Losers Round 4,48
sdx,los,0,2,0,Losers Round 4,48
regalo,zoo,0,2,1,Losers Round 4,48
barking_frog,rags,0,2,1,Losers Round 4,48
thereflexwonder,logic,1,1,2,Losers Round 4,48
mr e,sunseeds,0,2,0,Losers Round 4,48
vinnie,burntsocks,0,2,1,Losers Round 4,48
jebb,daybreak,1,1,2,Losers Round 4,48
blazingpasta,blank,0,2,0,Losers Round 4,48
6wx,mvd,1,0,2,Losers Round 4,48
seagull joe,esam,1,0,2,Losers Round 5,32
dark wizzy,squerk,1,1,2,Losers Round 5,32
shoyo james,dingus joe,0,2,0,Losers Round 5,32
static,sdx,1,1,2,Losers Round 5,32
regalo,barking_frog,1,1,2,Losers Round 5,32
logic,mr e,1,0,2,Losers Round 5,32
vinnie,daybreak,0,2,1,Losers Round 5,32
blazingpasta,mvd,0,2,0,Losers Round 5,32
tweek,jakal,0,2,0,Winners Semi-Final,24
juice,wadi,1,1,2,Winners Semi-Final,24
mkleo,gen,0,2,0,Winners Semi-Final,24
ally,utopianray,0,2,1,Winners Semi-Final,24
light,tamim,0,2,0,Winners Semi-Final,24
salem,nickc,0,2,1,Winners Semi-Final,24
8bitman,cosmos,0,2,1,Winners Semi-Final,24
nairo,zd,0,2,1,Winners Semi-Final,24
juice,esam,1,0,2,Losers Quarter-Final,24
jakal,squerk,0,2,0,Losers Quarter-Final,24
utopianray,shoyo james,1,1,2,Losers Quarter-Final,24
gen,sdx,1,0,2,Losers Quarter-Final,24
nickc,barking_frog,0,2,0,Losers Quarter-Final,24
tamim,mr e,0,2,0,Losers Quarter-Final,24
zd,vinnie,0,2,0,Losers Quarter-Final,24
cosmos,blazingpasta,0,2,0,Losers Quarter-Final,24
esam,cosmos,1,2,3,Losers Round 1,16
zd,jakal,0,3,2,Losers Round 1,16
shoyo james,tamim,1,0,3,Losers Round 1,16
nickc,sdx,1,0,3,Losers Round 1,16
tweek,wadi,0,3,1,Winners Quarter-Final,12
8bitman,nairo,1,0,3,Winners Quarter-Final,12
mkleo,ally,0,3,0,Winners Quarter-Final,12
light,salem,0,3,0,Winners Quarter-Final,12
salem,cosmos,0,3,2,Losers Round 2,12
ally,zd,1,2,3,Losers Round 2,12
8bitman,tamim,1,1,3,Losers Round 2,12
wadi,sdx,0,3,0,Losers Round 2,12
salem,zd,1,0,3,Losers Round 3,8
tamim,wadi,0,3,1,Losers Round 3,8
tweek,nairo,0,3,1,Winners Semi-Final,6
mkleo,light,1,1,3,Winners Semi-Final,6
nairo,zd,0,3,2,Losers Quarter-Final,6
mkleo,tamim,0,3,0,Losers Quarter-Final,6
nairo,mkleo,0,3,1,Losers Semi-Final,4
tweek,light,0,3,1,Winners Final,3
light,nairo,1,0,3,Losers Final,3
tweek,nairo,0,3,1,Grand Final,2
